Name,Image,Brand,Price,Price_Sale,Discount,Payment_Priority
Tủ lạnh Panasonic Inverter 405 lít NR-TX461GPKV,,Panasonic,12.690.000₫,14.590.000₫,-13%,Trả góp 0%
Tủ lạnh Samsung Inverter 280 lít RB27N4010BU/SV,,Samsung,9.140.000₫,12.590.000₫,-27%,Trả góp 0%
Tủ lạnh Toshiba Inverter 460 lít Side By Side GR-RS600WI-PMV(37)-SG,,Toshiba,13.490.000₫,14.490.000₫,-6%,Trả góp 0%
Tủ lạnh Panasonic Inverter 326 lít NR-TL351GVKV,,Panasonic,12.790.000₫,14.690.000₫,-12%,Trả góp 0%
Tủ lạnh Panasonic Inverter 170 lít NR-BA190PPVN,,Panasonic,4.990.000₫,6.790.000₫,-26%,Trả góp 0%
Tủ lạnh LG Inverter 519 lít Side By Side GR-B256JDS,,LG,12.990.000₫,19.990.000₫,-35%,
Tủ lạnh Samsung Inverter 307 lít RB30N4190BU/SV,,Samsung,13.490.000₫,17.790.000₫,-24%,Trả góp 0%
Tủ lạnh Samsung Inverter 236 lít RT22M4032BU/SV,,Samsung,7.390.000₫,9.590.000₫,-22%,Trả góp 0%
Tủ lạnh Panasonic Inverter 366 lít NR-TL381GVKV,,Panasonic,15.190.000₫,16.390.000₫,-7%,Trả góp 0%
Tủ lạnh Samsung Inverter 310 lít RB30N4010BU/SV,,Samsung,11.090.000₫,16.090.000₫,-31%,Trả góp 0%
Tủ lạnh Aqua Inverter 646 lít AQR-S682XA(SLB),,Aqua,17.990.000₫,,,Trả góp 0%
Tủ lạnh Samsung Inverter 276 lít RB27N4190BU/SV,,Samsung,11.990.000₫,14.590.000₫,-17%,Trả góp 0%
Tủ lạnh Aqua Inverter 550 lít Side By Side AQR-S612XA(WCB),,Aqua,13.990.000₫,15.990.000₫,-12%,Trả góp 0%
Tủ lạnh Toshiba Inverter 180 lít GR-B22VU UKG,,Toshiba,5.190.000₫,5.690.000₫,-8%,
Tủ lạnh Samsung Inverter 488 lít Multi Door RF48A4000B4/SV,,Samsung,19.990.000₫,23.990.000₫,-16%,Trả góp 0%
Tủ lạnh Toshiba Inverter 474 lít Multi Door GR-RF611WI-PGV(22)-XK,,Toshiba,16.990.000₫,17.990.000₫,-5%,Trả góp 0%
Tủ lạnh Samsung Inverter 307 lít RB30N4190BY/SV,,Samsung,12.990.000₫,17.490.000₫,-25%,Trả góp 0%
Tủ lạnh Aqua Inverter 550 lít Side By Side AQR-S612XA(CBC),,Aqua,12.990.000₫,15.490.000₫,-16%,Trả góp 0%
Tủ lạnh Aqua Inverter 189 lít AQR-T220FA(FB),,Aqua,4.640.000₫,5.490.000₫,-15%,Trả góp 0%
Tủ lạnh Samsung Inverter 236 lít RT22M4032BY/SV,,Samsung,7.090.000₫,9.390.000₫,-24%,Trả góp 0%
